filename,url
noticeofsale/703879-2014.pdf,https://iapps.courts.state.ny.us/nyscef/ViewDocument?docIndex=eh9vV1YIsSQDayRpZeC5eA==
noticeofsale/702487-2018.pdf,https://iapps.courts.state.ny.us/nyscef/ViewDocument?docIndex=TvY7C7SwJH4FIZShLKtkKQ==
noticeofsale/702622-2018.pdf,https://iapps.courts.state.ny.us/nyscef/ViewDocument?docIndex=vAuYSgJh3//7Ts8/OzcLhg==
noticeofsale/710367-2019.pdf,https://iapps.courts.state.ny.us/nyscef/ViewDocument?docIndex=Z0XqBEnk8u7UXXUnIvf0Lg==
noticeofsale/713627-2022.pdf,https://iapps.courts.state.ny.us/nyscef/ViewDocument?docIndex=AlzLjpJgCnKJ2wHMqjvNlA==
noticeofsale/715825-2020.pdf,https://iapps.courts.state.ny.us/nyscef/ViewDocument?docIndex=A0/57fYRKC7ZYZXz3C5i0g==
noticeofsale/721888-2020.pdf,https://iapps.courts.state.ny.us/nyscef/ViewDocument?docIndex=cRnGFQHedI5aseWsqclOMQ==
noticeofsale/704579-2020.pdf,https://iapps.courts.state.ny.us/nyscef/ViewDocument?docIndex=ubY9G06DeEz8igTUREQs/Q==
noticeofsale/726892-2023.pdf,https://iapps.courts.state.ny.us/nyscef/ViewDocument?docIndex=J2CqKMAabHgf5vQyz7YBTQ==
noticeofsale/709303-2021.pdf,https://iapps.courts.state.ny.us/nyscef/ViewDocument?docIndex=cNYXlJoLF5GKIUO2tOnVwA==
noticeofsale/707824-2023.pdf,https://iapps.courts.state.ny.us/nyscef/ViewDocument?docIndex=nwz/wv7XeGYDKHC3f79TJg==
noticeofsale/135822-2016.pdf,https://iapps.courts.state.ny.us/nyscef/ViewDocument?docIndex=0zp27lcq2cLScDgmfclKuQ==
noticeofsale/135683-2018.pdf,https://iapps.courts.state.ny.us/nyscef/ViewDocument?docIndex=ZxwIuoFYo8nvvgNN//0IRw==
noticeofsale/135033-2022.pdf,https://iapps.courts.state.ny.us/nyscef/ViewDocument?docIndex=E7dAzqjvPDQjsHneak158g==
noticeofsale/135053-2024.pdf,https://iapps.courts.state.ny.us/nyscef/ViewDocument?docIndex=lXk7foBeqGLw/4swaQibCQ==
noticeofsale/150222-2023.pdf,https://iapps.courts.state.ny.us/nyscef/ViewDocument?docIndex=xPTCuBzoLcklmiz7nDmbYw==
noticeofsale/850145-2016.pdf,https://iapps.courts.state.ny.us/nyscef/ViewDocument?docIndex=iU0nvV4jMkCdWlCGprR4Fg==
noticeofsale/850084-2020.pdf,https://iapps.courts.state.ny.us/nyscef/ViewDocument?docIndex=fsCLWJpH5xD3G8PN1eKQOw==
noticeofsale/850502-2023.pdf,https://iapps.courts.state.ny.us/nyscef/ViewDocument?docIndex=XV8H4midoojtjqobRLnxzw==
noticeofsale/850118-2023.pdf,https://iapps.courts.state.ny.us/nyscef/ViewDocument?docIndex=1DmJtyViCAj8/TxOEDvhMg==
noticeofsale/850534-2023.pdf,https://iapps.courts.state.ny.us/nyscef/ViewDocument?docIndex=tPeKPRPpD7ikmzz8MVayvw==
noticeofsale/850661-2023.pdf,https://iapps.courts.state.ny.us/nyscef/ViewDocument?docIndex=r/e586VQRg6GzusUfnlrLA==
noticeofsale/35313-2014E.pdf,https://iapps.courts.state.ny.us/nyscef/ViewDocument?docIndex=2jcWydu8WECguC2SPyIoGA==
noticeofsale/380269-2013E.pdf,https://iapps.courts.state.ny.us/nyscef/ViewDocument?docIndex=Pu1ZxxBD/3R7pefmiseWmQ==
noticeofsale/708606-2022.pdf,https://iapps.courts.state.ny.us/nyscef/ViewDocument?docIndex=1vULgsVj5gCjoabx0/gULA==
noticeofsale/709144-2016.pdf,https://iapps.courts.state.ny.us/nyscef/ViewDocument?docIndex=s4h4CHe0hdurQarelNec7g==
noticeofsale/716796-2018.pdf,https://iapps.courts.state.ny.us/nyscef/ViewDocument?docIndex=IM4ceEf8v6FCLPEK/LJUEg==
noticeofsale/507354-2013.pdf,https://iapps.courts.state.ny.us/nyscef/ViewDocument?docIndex=zdncpzlwxMTMckaXXZT6Uw==
noticeofsale/512108-2015.pdf,https://iapps.courts.state.ny.us/nyscef/ViewDocument?docIndex=qA8aWfMS5p7Sf64cBAygtQ==
noticeofsale/513729-2017.pdf,https://iapps.courts.state.ny.us/nyscef/ViewDocument?docIndex=9ISIKnz7S7evpI3QdJKzSQ==
noticeofsale/505637-2018.pdf,https://iapps.courts.state.ny.us/nyscef/ViewDocument?docIndex=aKhpLsXPgOh2EipDFunvqQ==
noticeofsale/508068-2019.pdf,https://iapps.courts.state.ny.us/nyscef/ViewDocument?docIndex=aKhpLsXPgOh2EipDFunvqQ==
noticeofsale/524419-2018.pdf,https://iapps.courts.state.ny.us/nyscef/ViewDocument?docIndex=091pNCyx6WN5dhyqEC_PLUS_Byw==
noticeofsale/525076-2018.pdf,https://iapps.courts.state.ny.us/nyscef/ViewDocument?docIndex=Yn4H_PLUS_uPSTLRw2gbvQSYyXA==
noticeofsale/503590-2020.pdf,https://iapps.courts.state.ny.us/nyscef/ViewDocument?docIndex=T5wJMyoRywbL51SssF8joQ==
noticeofsale/515444-2020.pdf,https://iapps.courts.state.ny.us/nyscef/ViewDocument?docIndex=eJvOmHO1NYYMHFks/kl7ng==
noticeofsale/509078-2023.pdf,https://iapps.courts.state.ny.us/nyscef/ViewDocument?docIndex=XGjU35Aig_PLUS_d4wzqLGw3Kkw==
noticeofsale/515678-2023.pdf,https://iapps.courts.state.ny.us/nyscef/ViewDocument?docIndex=RW1QLblT_PLUS_N_PLUS__PLUS_UyEBoXhOSQ==
noticeofsale/505331-2024.pdf,https://iapps.courts.state.ny.us/nyscef/ViewDocument?docIndex=PxqeAY9JUNJSOk4cgFf1GQ==
noticeofsale/530621-2024.pdf,https://iapps.courts.state.ny.us/nyscef/ViewDocument?docIndex=SuqwSNAPEdZ/zXtc2TxWlQ==
noticeofsale/850316-2024.pdf,https://iapps.courts.state.ny.us/nyscef/ViewDocument?docIndex=5/bgK1Ty8/Zi_PLUS_vE/daIM6w==
noticeofsale/704171-2015.pdf,https://iapps.courts.state.ny.us/nyscef/ViewDocument?docIndex=/J5QeNE5gZTqHj628mshmg==
noticeofsale/14323-2010.pdf,https://iapps.courts.state.ny.us/nyscef/ViewDocument?docIndex=r_PLUS_KLC/dTpQZ5pc/JTHhaZQ==
noticeofsale/18068-2014.pdf,https://iapps.courts.state.ny.us/nyscef/ViewDocument?docIndex=EFSf48/drNBWGFE6j4bq1g==
noticeofsale/532643-2022.pdf,https://iapps.courts.state.ny.us/nyscef/ViewDocument?docIndex=9D4ASjGG2n2QFm0N8icoTw==
noticeofsale/532306-2023.pdf,https://iapps.courts.state.ny.us/nyscef/ViewDocument?docIndex=eOemARmTYGlVAV43Ya998g==
surplusmoney/723024-2021.pdf,https://iapps.courts.state.ny.us/nyscef/ViewDocument?docIndex=0UqPeS2wHWvoWA_PLUS_ndfE5Nw==
surplusmoney/720399-2023.pdf,https://iapps.courts.state.ny.us/nyscef/ViewDocument?docIndex=HHSvurXEKQxKMLZWKejWrw==
surplusmoney/380894-2010E.pdf,https://iapps.courts.state.ny.us/nyscef/ViewDocument?docIndex=mYikdOXpNIa0apM1jg5EZg==
surplusmoney/804101-2023E.pdf,https://iapps.courts.state.ny.us/nyscef/ViewDocument?docIndex=tgvHdtayMsOjTACOutTkxA==
surplusmoney/807959-2023E.pdf,https://iapps.courts.state.ny.us/nyscef/ViewDocument?docIndex=TfmfAxX7kH8TtYj0m9xNWw==
surplusmoney/702193-2016.pdf,https://iapps.courts.state.ny.us/nyscef/ViewDocument?docIndex=vvEwk9q_PLUS_Iq4YG/WGCd_PLUS_PkQ==
surplusmoney/726263-2023.pdf,https://iapps.courts.state.ny.us/nyscef/ViewDocument?docIndex=E8xYOoapkdq0cg36Ap3FVA==
surplusmoney/527443-2023.pdf,https://iapps.courts.state.ny.us/nyscef/ViewDocument?docIndex=3_PLUS_oGix0rzRgqpEhyMb/C6A==
surplusmoney/850479-2024.pdf,https://iapps.courts.state.ny.us/nyscef/ViewDocument?docIndex=VME9aznAYnwo5PhufZhYVA==
surplusmoney/850498-2024.pdf,https://iapps.courts.state.ny.us/nyscef/ViewDocument?docIndex=Igr6pW5nOIwLo2eyEwlk6g==
surplusmoney/505738-2019.pdf,https://iapps.courts.state.ny.us/nyscef/ViewDocument?docIndex=QhXypdYbvBryAHgsIZzcVQ==
surplusmoney/523528-2018.pdf,https://iapps.courts.state.ny.us/nyscef/ViewDocument?docIndex=vpT9OOYEw_PLUS_I48WFvFj2BOw==
